board_id,board_name
1,Flexidy
2,Fixit
3,Redbold
4,Zontrax
5,Zamishki
6,Voltcinnamon
7,Mat Lam Tam Damn
8,Daltfresh
9,Stronghold
10,Fixflex
11,Bitwolf
12,Sonsing
13,Subin
14,Ventosanzap
15,Quo Lux
16,Overhold
17,Zathin
18,Stringtough
19,TinTin
20,Namefix
21,Pannier
22,Bigtax
23,Mat Lam Tam
24,Greenlam
25,Konklab
26,Overwatch
27,Cardguard
28,Prowler
29,Namfix
30,Y-Solowarm
31,Rank
32,Alpha
33,Sub-Ex
34,Bamity
35,Zamit
36,Cookley
37,Fix San
38,Dominatrix
39,Keylex
40,Otcom
41,Redhold
42,Bitchip
43,Bytecard
44,Lotstring
45,Prodder
46,Domainer
47,Voltsillam
48,Treeflex
49,Tin
50,Veribet
